dataset,filename,predicted_score,raw_score_000,raw_score_001,raw_score_002,raw_score_003,raw_score_010,raw_score_011,raw_score_012,raw_score_013,raw_score_100,raw_score_101,raw_score_102,raw_score_103,raw_score_110,raw_score_111,raw_score_112,raw_score_113,raw_score_200,raw_score_201,raw_score_202,raw_score_203,raw_score_210,raw_score_211,raw_score_212,raw_score_213
Actualmed-COVID-chestxray-dataset,CR.1.2.840.113564.1722810170.20200321172326140930.1003000225002.png,5,0.429131597280502,0.405679315328598,0.140565946698189,0.024623161181808,0.127801701426506,0.46869832277298,0.307796061038971,0.095703817903996,0.041796687990427,0.278024971485138,0.531556487083435,0.148621782660484,0.001360039459541,0.045455977320671,0.425259411334991,0.527924537658691,0.000574455596507,0.026690119877458,0.315664947032928,0.657070517539978,0.03304236382246,0.175349190831184,0.387561202049255,0.404047220945358
Actualmed-COVID-chestxray-dataset,DX.1.2.840.113564.1722810162.20200325102716421950.1203801020003.png.bmp,4,0.609439432621002,0.328334212303162,0.05698024481535,0.00524611864239,0.539663791656494,0.406580835580826,0.050772853195667,0.002982571022585,0.034797929227352,0.309282183647156,0.540355861186981,0.115563996136189,0.152902886271477,0.479900181293488,0.326159447431564,0.041037458926439,0.001771408249624,0.042623452842236,0.435831695795059,0.519773483276367,0.000847708608489,0.027656301856041,0.298920661211014,0.672575354576111
Actualmed-COVID-chestxray-dataset,DX.1.2.840.113564.1722810162.20200326172257446270.1203801020003.png.bmp,4,0.883464753627777,0.106215536594391,0.009710593149066,0.000609106558841,0.816813826560974,0.164468586444855,0.017665995284915,0.001051614410244,0.064172394573689,0.315803289413452,0.486060827970505,0.133963450789452,0.084706753492355,0.436701685190201,0.422345787286758,0.056245740503073,0.005025350488722,0.120388828217983,0.579136550426483,0.295449286699295,0.00157260207925,0.043686807155609,0.378813654184341,0.575926959514618
Actualmed-COVID-chestxray-dataset,DX.1.2.840.113564.1722810162.202004081114029075.1203801020003.png.bmp,4,0.687224209308624,0.269564509391785,0.040343459695578,0.0028677189257,0.441176414489746,0.488504141569138,0.066568113863468,0.003751282114536,0.372379958629608,0.398249685764313,0.202057972550392,0.027312383055687,0.747847974300385,0.220417067408562,0.030072452500463,0.001662371563725,0.05730602517724,0.383994221687317,0.45788586139679,0.100813947618008,0.31642073392868,0.403799414634705,0.255829304456711,0.023950610309839
Actualmed-COVID-chestxray-dataset,DX.1.2.840.113564.1722810162.20200415105839964650.1203801020003.png.bmp,5,0.32304236292839,0.522024989128113,0.141337901353836,0.013594756834209,0.890995562076569,0.102960057556629,0.005868611857295,0.000175748427864,0.191749081015587,0.451540470123291,0.308742016553879,0.047968462109566,0.351730793714523,0.460331290960312,0.17229625582695,0.015641564503312,0.060214757919312,0.276740163564682,0.519765555858612,0.14327946305275,0.00868793297559,0.0907371789217,0.470087379217148,0.430487394332886
chest_xray_normal,IM-0069-0001.png,6,0.317944377660751,0.425037324428558,0.202086180448532,0.05493213608861,0.465598940849304,0.486317038536072,0.04621122777462,0.001872756751254,0.020665368065238,0.177212059497833,0.538373410701752,0.263749152421951,0.076884768903256,0.35202145576477,0.446402966976166,0.124690808355808,0.005480641964823,0.151982247829437,0.543937921524048,0.298599183559418,0.290085196495056,0.373710751533508,0.292172610759735,0.044031534343958
chest_xray_normal,IM-0227-0001.png,6,0.221069782972336,0.532122850418091,0.197362691164017,0.049444619566202,0.292825847864151,0.601370394229889,0.098942086100578,0.006861681584269,0.278922408819199,0.446927279233933,0.245909616351128,0.028240697458387,0.187581807374954,0.437064588069916,0.315994143486023,0.059359390288591,0.023938439786434,0.24565352499485,0.521054923534393,0.209353119134903,0.14870847761631,0.345327109098434,0.41668039560318,0.089284032583237
chest_xray_normal,IM-0350-0001.png,4,0.323114782571793,0.426056683063507,0.201931744813919,0.048896741122007,0.310166209936142,0.510240912437439,0.158926859498024,0.020665917545557,0.275593042373657,0.451276540756226,0.244724676012993,0.02840575389564,0.564614593982697,0.31804159283638,0.10507906973362,0.012264776043594,0.06102242693305,0.310842275619507,0.482799202203751,0.145336091518402,0.492978394031525,0.356342017650604,0.13786318898201,0.012816345319152
chest_xray_normal,IM-0351-0001.png,3,0.675928950309753,0.254759281873703,0.060671899467707,0.008639868348837,0.451084733009338,0.438716232776642,0.100819379091263,0.009379612281919,0.110701434314251,0.387896329164505,0.420335084199905,0.081067152321339,0.405469566583633,0.394535958766937,0.175582125782967,0.024412492290139,0.03523875772953,0.267462968826294,0.511142015457153,0.186156287789345,0.196720018982887,0.285379201173782,0.38077786564827,0.137122914195061
chest_xray_normal,IM-0382-0001.png,6,0.111676298081875,0.50080019235611,0.298498958349228,0.08902445435524,0.312270611524582,0.410530716180801,0.222673058509827,0.054525531828404,0.206208422780037,0.443299829959869,0.308447510004044,0.042044255882502,0.210696592926979,0.437306940555573,0.312155604362488,0.039840798825026,0.016838297247887,0.336308836936951,0.542594611644745,0.104258254170418,0.083993293344975,0.276408970355988,0.47624596953392,0.163351729512215
chest_xray_normal,IM-0430-0001.png,6,0.381106168031693,0.493873238563538,0.113658249378204,0.011362439021468,0.195201978087425,0.373894393444061,0.306587904691696,0.124315701425076,0.260348170995712,0.438661992549896,0.26363730430603,0.037352491170168,0.124389879405498,0.353208154439926,0.406850576400757,0.115551300346851,0.267518103122711,0.491320103406906,0.234209105372429,0.006952559109777,0.153867915272713,0.292176097631455,0.420269221067429,0.133686706423759
chest_xray_normal,IM-0439-0001.png,3,0.625323295593262,0.300863742828369,0.067476905882359,0.0063361460343,0.793874680995941,0.188303008675575,0.017119808122516,0.000702466524672,0.246931463479996,0.421951562166214,0.287926286458969,0.04319067671895,0.426687151193619,0.404996305704117,0.151046827435494,0.017269724979997,0.065352715551853,0.261095345020294,0.498334556818008,0.175217360258102,0.272161930799484,0.343353569507599,0.323269814252853,0.061214700341225
chest_xray_normal,IM-0523-0001-0003.png,6,0.159996569156647,0.459193080663681,0.292489737272263,0.088320560753346,0.122352406382561,0.449540197849274,0.329218626022339,0.098888784646988,0.031951259821653,0.268409311771393,0.542265355587006,0.157374143600464,0.233732640743256,0.386225193738937,0.310770869255066,0.069271259009838,0.021736511960626,0.171609356999397,0.431613504886627,0.375040650367737,0.397995054721832,0.402421027421951,0.18253830075264,0.017045659944415
chest_xray_normal,IM-0529-0001.png,5,0.603509902954102,0.332142472267151,0.059028122574091,0.005319511517882,0.427424073219299,0.491117149591446,0.076267562806606,0.005191192030907,0.121781244874001,0.416067630052567,0.395575106143951,0.066576011478901,0.288516223430634,0.431380718946457,0.245746314525604,0.034356728196144,0.014467913657427,0.183409497141838,0.501435458660126,0.300687104463577,0.086966626346111,0.264547020196915,0.481907546520233,0.16657879948616
chest_xray_normal,IM-0561-0001.png,5,0.398074924945831,0.441795229911804,0.138775527477264,0.021354420110583,0.586261510848999,0.371748030185699,0.040117915719748,0.001872557331808,0.144624188542366,0.404036790132523,0.385020434856415,0.0663186237216,0.412406444549561,0.445404469966888,0.13077287375927,0.011416150256991,0.09817834943533,0.418418169021606,0.429714322090149,0.053689207881689,0.143638521432877,0.35504674911499,0.424152821302414,0.077161855995655
chest_xray_normal,IM-0582-0001.png,2,0.850717782974243,0.130098506808281,0.017814412713051,0.001369435107335,0.728276550769806,0.235817894339561,0.033288028091192,0.002617558231577,0.344744056463242,0.436407208442688,0.199481770396233,0.019367044791579,0.521681666374207,0.365982860326767,0.102509140968323,0.009826325811446,0.074772849678993,0.341344177722931,0.451127827167511,0.132755160331726,0.40490198135376,0.324992477893829,0.22937436401844,0.040731083601713
chest_xray_normal,IM-0605-0001.png,4,0.430590927600861,0.443031430244446,0.112724155187607,0.013653425499797,0.45779475569725,0.38092565536499,0.138968527317047,0.022311076521874,0.17249096930027,0.431283950805664,0.342965006828308,0.053260166198015,0.172066226601601,0.37857174873352,0.364458233118057,0.084903806447983,0.217505007982254,0.496707201004028,0.275223344564438,0.010564412921667,0.371307522058487,0.352403938770294,0.238899528980255,0.03738908097148
chest_xray_normal,IM-0637-0001.png,5,0.323823690414429,0.430074453353882,0.200626015663147,0.045475780963898,0.598886549472809,0.355301439762115,0.043652407824993,0.002159530762583,0.221625983715057,0.432325094938278,0.302772700786591,0.043276153504849,0.408409655094147,0.419669806957245,0.153614938259125,0.018305590376258,0.140814676880837,0.48996314406395,0.344875693321228,0.024346457794309,0.281350165605545,0.372913867235184,0.299210697412491,0.046525306999683
chest_xray_normal,IM-0691-0001.png,3,0.303579658269882,0.482048064470291,0.186150267720223,0.02822202257812,0.564501821994782,0.348548144102097,0.078126564621925,0.008823482319713,0.414611369371414,0.405763864517212,0.162266969680786,0.017357740551233,0.44782280921936,0.391084462404251,0.144141912460327,0.016950767487288,0.113913111388683,0.323109716176987,0.412298709154129,0.150678470730782,0.193107590079308,0.252321362495422,0.37616428732872,0.178406774997711
chest_xray_normal,IM-0766-0001.png,3,0.456481546163559,0.43006956577301,0.101459190249443,0.01198966242373,0.639437615871429,0.332551717758179,0.027017997577787,0.000992649118416,0.204757824540138,0.458574593067169,0.303099095821381,0.033568400889635,0.539503395557404,0.372009217739105,0.082530312240124,0.005957008339465,0.018100641667843,0.328500896692276,0.544043302536011,0.109355174005032,0.198419257998467,0.312112510204315,0.392432570457458,0.097035638988018
chest_xray_normal,NORMAL2-IM-0102-0001.png,4,0.953905642032623,0.041847325861454,0.004039764404297,0.000207161341677,0.954919517040253,0.043416399508715,0.001628838013858,3.52E-05,0.326085597276688,0.425207614898682,0.221358448266983,0.027348406612873,0.324023365974426,0.418690085411072,0.2243911921978,0.032895486801863,0.201473757624626,0.424852401018143,0.330475807189941,0.043198011815548,0.261723101139069,0.362302601337433,0.315162569284439,0.060811683535576
chest_xray_normal,NORMAL2-IM-0129-0001.png,6,0.143182218074799,0.493033558130264,0.26967054605484,0.094113737344742,0.13452672958374,0.454679757356644,0.313130527734757,0.09766299277544,0.166502133011818,0.38945335149765,0.36911752820015,0.074927031993866,0.035797387361527,0.283609926700592,0.528206288814545,0.152386412024498,0.389097779989243,0.448795408010483,0.157150834798813,0.004956047516316,0.139062404632568,0.271546840667725,0.447949022054672,0.141441702842712
chest_xray_normal,NORMAL2-IM-0130-0001.png,5,0.447257310152054,0.412008941173553,0.124773867428303,0.015959922224283,0.247979536652565,0.555658102035522,0.173578456044197,0.022783884778619,0.303285658359528,0.453763276338577,0.220281377434731,0.022669747471809,0.063704051077366,0.320722460746765,0.482268661260605,0.133304849267006,0.201365798711777,0.441810548305512,0.318680733442307,0.03814297169447,0.078080870211125,0.237947329878807,0.464380532503128,0.219591289758682
chest_xray_normal,NORMAL2-IM-0237-0001.png,4,0.412243217229843,0.4129878282547,0.144202530384064,0.030566368252039,0.703448414802551,0.26000189781189,0.034296907484531,0.002252805279568,0.170179679989815,0.417512387037277,0.356026023626328,0.056281991302967,0.557376384735107,0.359980314970016,0.077896870672703,0.004746383987367,0.18511189520359,0.453670591115952,0.324066460132599,0.037151072174311,0.272765547037125,0.382086962461472,0.299060136079788,0.046087320894003
chest_xray_normal,NORMAL2-IM-0312-0001.png,3,0.528387308120728,0.361450672149658,0.098578527569771,0.011583436280489,0.305826306343079,0.50247186422348,0.168264523148537,0.023437328636646,0.585083067417145,0.349813908338547,0.062303822487593,0.002799268113449,0.236531853675842,0.414677083492279,0.291585505008698,0.057205568999052,0.654207170009613,0.280938982963562,0.063905216753483,0.000948663044255,0.13604947924614,0.318246096372604,0.42865926027298,0.117045171558857
chest_xray_normal,NORMAL2-IM-0335-0001.png,3,0.523719429969788,0.400957733392715,0.069259412586689,0.006063408683985,0.627196788787842,0.34436559677124,0.027484960854054,0.000952621398028,0.46967875957489,0.419308245182037,0.105204775929451,0.005808321293443,0.304050981998444,0.452431231737137,0.217011839151382,0.026505876332522,0.250981718301773,0.457483023405075,0.266721725463867,0.024813510477543,0.294944584369659,0.34742945432663,0.3001669049263,0.057459026575089
chest_xray_normal,NORMAL2-IM-0401-0001.png,2,0.812784612178803,0.162386551499367,0.022864058613777,0.001964767696336,0.454505741596222,0.441510230302811,0.095033533871174,0.008950433693826,0.141947373747826,0.418542087078095,0.37803065776825,0.061479926109314,0.410988241434097,0.388462960720062,0.176190763711929,0.024358021095395,0.141077607870102,0.444477558135986,0.357712805271149,0.056732073426247,0.391506135463715,0.331203192472458,0.232928916811943,0.044361658394337
chest_xray_normal,NORMAL2-IM-0410-0001.png,5,0.274958223104477,0.441465198993683,0.239148542284966,0.044428028166294,0.251617729663849,0.512618958950043,0.203380599617958,0.032382745295763,0.195227757096291,0.427239149808884,0.325629442930222,0.051903676241636,0.325033754110336,0.396326392889023,0.237055644392967,0.041584260761738,0.118079453706741,0.355144768953323,0.446886956691742,0.079888872802258,0.370534181594849,0.328650236129761,0.24573577940464,0.055079810321331
chest_xray_normal,NORMAL2-IM-0478-0001.png,5,0.461384147405624,0.412883460521698,0.111651748418808,0.014080652967095,0.249146297574043,0.540041089057922,0.183196216821671,0.027616368606687,0.201375886797905,0.469549238681793,0.295264542102814,0.033810213208199,0.100696042180061,0.362597227096558,0.435401886701584,0.101304829120636,0.073563724756241,0.359677046537399,0.460218250751495,0.106540940701962,0.177314564585686,0.31808540225029,0.404062211513519,0.100537821650505
chest_xray_normal,NORMAL2-IM-0496-0001.png,5,0.394860595464706,0.429583072662354,0.150167554616928,0.025388710200787,0.46996146440506,0.439376592636108,0.083356477320194,0.007305512670428,0.106152974069119,0.398047059774399,0.416344910860062,0.079455047845841,0.316978365182877,0.448283433914185,0.208678513765335,0.026059584692121,0.177636682987213,0.415936589241028,0.361841529607773,0.044585175812245,0.301055639982223,0.369376063346863,0.287758439779282,0.041809838265181
chest_xray_normal,NORMAL2-IM-0567-0001.png,6,0.310332447290421,0.466902792453766,0.18446247279644,0.038302265107632,0.22263303399086,0.537075817584991,0.205470874905586,0.034820172935724,0.311103522777557,0.463355332612991,0.206135913729668,0.019405275583267,0.251140266656876,0.427388936281204,0.275921016931534,0.045549787580967,0.227717787027359,0.456497579813004,0.290538042783737,0.025246646255255,0.235936388373375,0.339856266975403,0.341582000255585,0.082625210285187
chest_xray_normal,NORMAL2-IM-0601-0001.png,4,0.662130415439606,0.260039657354355,0.069389909505844,0.008439952507615,0.552413403987885,0.37444880604744,0.067686729133129,0.005451030097902,0.129491984844208,0.408242762088776,0.392958849668503,0.069306448101997,0.170714750885963,0.408382117748261,0.359139442443848,0.061763755977154,0.108116060495377,0.411798298358917,0.408111125230789,0.071974471211433,0.050339132547379,0.181513428688049,0.467444777488709,0.300702601671219
chest_xray_normal,NORMAL2-IM-0648-0001.png,6,0.222987040877342,0.390729546546936,0.290241092443466,0.096042312681675,0.200134694576263,0.509327113628387,0.242487981915474,0.048050157725811,0.080518797039986,0.337573081254959,0.460530936717987,0.121377132833004,0.260760545730591,0.413977533578873,0.28091561794281,0.044346358627081,0.013571838848293,0.167922362685204,0.441459715366363,0.377046018838882,0.202184990048408,0.339391559362411,0.362450867891312,0.095972552895546
chest_xray_normal,NORMAL2-IM-0682-0001.png,5,0.449061930179596,0.352481663227081,0.160941362380981,0.037515088915825,0.247440755367279,0.562386274337769,0.1691515147686,0.021021539345384,0.138078540563583,0.385854542255402,0.397702932357788,0.078364029526711,0.315479546785355,0.415240705013275,0.230181589722633,0.039098143577576,0.112793810665607,0.370581060647964,0.3981594145298,0.118465699255466,0.286151766777039,0.343605637550354,0.307789027690887,0.062453556805849
chest_xray_normal,NORMAL2-IM-0684-0001-0001.png,3,0.729905247688293,0.24196620285511,0.026869369670749,0.001259181881323,0.801138579845428,0.185695588588715,0.012752867303789,0.000413098692661,0.563553690910339,0.348673135042191,0.083279833197594,0.004493388812989,0.248353004455566,0.43631237745285,0.271909058094025,0.043425638228655,0.129175141453743,0.465878754854202,0.364453732967377,0.040492463856936,0.248637676239014,0.388883978128433,0.31394624710083,0.04853205382824
chest_xray_normal,NORMAL2-IM-0853-0001.png,3,0.514830112457275,0.357989490032196,0.110595636069775,0.016584772616625,0.392278790473938,0.382142782211304,0.185126081109047,0.040452420711517,0.582419157028198,0.342167973518372,0.071482613682747,0.00393029442057,0.206380352377892,0.394235700368881,0.330775886774063,0.068608105182648,0.205442145466804,0.42904531955719,0.314390361309052,0.051122102886438,0.180397361516952,0.273470878601074,0.403227031230927,0.142904654145241
chest_xray_normal,NORMAL2-IM-0871-0001.png,5,0.105639271438122,0.392801493406296,0.347193896770477,0.154365301132202,0.124637492001057,0.551044404506683,0.27074721455574,0.053570840507746,0.273230701684952,0.443778306245804,0.251749724149704,0.031241305172443,0.363865792751312,0.410416960716248,0.197961315512657,0.027755927294493,0.224857434630394,0.488553494215012,0.26479896903038,0.021790083497763,0.454290479421616,0.371536761522293,0.158735677599907,0.015437097288668
chest_xray_normal,NORMAL2-IM-0890-0001.png,4,0.098482944071293,0.353777438402176,0.34458327293396,0.203156307339668,0.561949074268341,0.366729199886322,0.066092967987061,0.005228732712567,0.453999698162079,0.39529213309288,0.13843098282814,0.01227714959532,0.125526398420334,0.372351199388504,0.397076815366745,0.10504561662674,0.054132979363203,0.386910825967789,0.443627715110779,0.115328475832939,0.221644297242165,0.288951992988586,0.365921914577484,0.123481720685959
chest_xray_normal,NORMAL2-IM-0942-0001.png,0,0.563458561897278,0.292955070734024,0.116898097097874,0.02668827958405,0.477116286754608,0.409763097763061,0.101327247917652,0.011793364770711,0.68313866853714,0.26776596903801,0.046788960695267,0.002306418726221,0.671105325222015,0.27001890540123,0.054475102573633,0.004400697536767,0.45602810382843,0.388738363981247,0.148701444268227,0.006531979888678,0.482354998588562,0.378621578216553,0.131306946277618,0.007716443389654
chest_xray_normal,NORMAL2-IM-0966-0001.png,6,0.383039504289627,0.450792580842972,0.143466681241989,0.02270126529038,0.330052852630615,0.506167769432068,0.145879447460175,0.017899978905916,0.146297633647919,0.401286154985428,0.381897479295731,0.070518650114536,0.091308116912842,0.325838088989258,0.429125934839249,0.153727859258652,0.12704236805439,0.30617943406105,0.430303484201431,0.136474743485451,0.25354877114296,0.340490728616714,0.324426263570785,0.081534340977669
chest_xray_normal,NORMAL2-IM-0967-0001.png,6,0.186072260141373,0.594621181488037,0.188940063118935,0.030366497114301,0.154283776879311,0.576996147632599,0.231460258364677,0.037259861826897,0.052340894937515,0.275427520275116,0.513942539691925,0.15828900039196,0.073031581938267,0.363304406404495,0.470115333795548,0.093548737466335,0.107865713536739,0.333550900220871,0.436977684497833,0.121605671942234,0.08344928175211,0.241109535098076,0.48150771856308,0.193933486938477
chest_xray_normal,NORMAL2-IM-0974-0001.png,3,0.677488923072815,0.251030266284943,0.063814371824265,0.007666404359043,0.84473729133606,0.143402367830277,0.011425360105932,0.000434956629761,0.101902566850185,0.356505274772644,0.442296236753464,0.099296025931835,0.273505240678787,0.452735781669617,0.236769676208496,0.036989260464907,0.146736308932304,0.452171713113785,0.364225178956985,0.036866780370474,0.42714136838913,0.404970854520798,0.15512016415596,0.01276757568121
chest_xray_normal,NORMAL2-IM-1142-0001-0001.png,5,0.454468548297882,0.409123957157135,0.119493149220943,0.016914347186685,0.304312974214554,0.55841052532196,0.125357806682587,0.01191861461848,0.074039682745934,0.330867499113083,0.480294138193131,0.114798702299595,0.162043884396553,0.418171167373657,0.357760220766067,0.062024764716625,0.010135311633349,0.10040594637394,0.461923778057098,0.427534997463226,0.063722431659699,0.249430313706398,0.496168583631516,0.190678611397743
chest_xray_normal,NORMAL2-IM-1164-0001.png,5,0.57233726978302,0.32126921415329,0.093353271484375,0.013040250167251,0.399259358644485,0.510437607765198,0.084453873336315,0.00584911275655,0.37791633605957,0.434882611036301,0.17263825237751,0.014562824741006,0.25295615196228,0.444030910730362,0.265461266040802,0.037551708519459,0.076492808759213,0.356945604085922,0.444498807191849,0.122062720358372,0.33233317732811,0.360820233821869,0.26685506105423,0.039991572499275
chest_xray_normal,NORMAL2-IM-1176-0001.png,2,0.622222304344177,0.283651351928711,0.083492837846279,0.010633538477123,0.822198033332825,0.167270064353943,0.010246563702822,0.00028530441341,0.274001359939575,0.40878689289093,0.273368418216705,0.043843299150467,0.864473164081574,0.123829111456871,0.011213769204915,0.000484045041958,0.084833785891533,0.301685243844986,0.446811586618423,0.166669383645058,0.582402408123016,0.278669834136963,0.122216232120991,0.016711540520191
chest_xray_normal,NORMAL2-IM-1237-0001.png,6,0.355268955230713,0.402357369661331,0.18930558860302,0.053068112581968,0.405253916978836,0.504102766513824,0.084576137363911,0.00606718333438,0.27891406416893,0.453044354915619,0.241015493869781,0.027026133611798,0.347293555736542,0.424034088850021,0.19947861135006,0.029193744063377,0.173370316624641,0.374077349901199,0.341737627983093,0.110814735293388,0.267285913228989,0.368824005126953,0.303945481777191,0.059944517910481
chest_xray_normal,NORMAL2-IM-1319-0001.png,5,0.481028109788895,0.392898261547089,0.112687811255455,0.013385795988143,0.256311237812042,0.511261761188507,0.200822561979294,0.031604461371899,0.375808000564575,0.420644998550415,0.184114396572113,0.019432552158833,0.090762138366699,0.340936779975891,0.433484941720962,0.134816154837608,0.125057756900787,0.401696473360062,0.393813282251358,0.079432524740696,0.295770198106766,0.326591998338699,0.30585515499115,0.071782641112805
chest_xray_normal,NORMAL2-IM-1328-0001.png,5,0.606613636016846,0.330868273973465,0.057150602340698,0.00536749092862,0.140708670020103,0.541014730930328,0.266809374094009,0.051467292010784,0.303397685289383,0.46904519200325,0.209653839468956,0.017903281375766,0.126879379153252,0.405495226383209,0.383710294961929,0.083915121853352,0.09944673627615,0.399864703416824,0.41612234711647,0.084566228091717,0.236347898840904,0.337837040424347,0.359859555959702,0.065955519676209
chest_xray_normal,NORMAL2-IM-1344-0001.png,4,0.556970775127411,0.324317634105682,0.102447032928467,0.016264470294118,0.371155351400375,0.471248179674149,0.140456795692444,0.017139606177807,0.500916600227356,0.37239608168602,0.117333814501762,0.009353457950056,0.324538856744766,0.40884867310524,0.231379613280296,0.035232957452536,0.06423631310463,0.287988692522049,0.505381584167481,0.142393425107002,0.158011645078659,0.333171516656876,0.397977530956268,0.110839299857616
COVID-19-Radiography-Database,COVID-19 (11).png,2,0.72192794084549,0.22417439520359,0.047800056636334,0.006097546778619,0.882396221160889,0.111777603626251,0.005674544721842,0.000151574073243,0.566381216049194,0.36683988571167,0.06377649307251,0.003002419136465,0.696631968021393,0.260802656412125,0.039949119091034,0.00261622434482,0.197262346744537,0.352341622114182,0.385016322135925,0.065379746258259,0.038962971419096,0.194486513733864,0.497819095849991,0.268731504678726
COVID-19-Radiography-Database,COVID-19 (79).png,5,0.018481170758605,0.102957829833031,0.273007780313492,0.605553269386292,0.444617390632629,0.432408273220062,0.108602583408356,0.014371702447534,0.014785135164857,0.127575218677521,0.485320925712586,0.372318804264069,0.04759468883276,0.292141705751419,0.51724898815155,0.143014490604401,0.155768677592278,0.443435460329056,0.373305380344391,0.027490504086018,0.12430178374052,0.277506649494171,0.460550516843796,0.137641042470932
COVID-19-Radiography-Database,COVID-19 (90).png,2,0.554675698280335,0.38574543595314,0.056065175682306,0.003513655858114,0.924064457416534,0.073327668011189,0.002557029714808,5.08E-05,0.092960447072983,0.362334251403809,0.431658297777176,0.113047026097774,0.056359071284533,0.302990198135376,0.454549878835678,0.186100795865059,0.43710458278656,0.394996762275696,0.16079418361187,0.007104514632374,0.477395802736282,0.341949552297592,0.165385350584984,0.015269287861884
COVID-19-Radiography-Database,COVID-19(158).png,5,0.434605658054352,0.363601446151733,0.157958135008812,0.043834839016199,0.183269411325455,0.552417933940887,0.22441229224205,0.039900399744511,0.04301742836833,0.306006789207458,0.518680989742279,0.132294803857803,0.152774527668953,0.46167865395546,0.340130835771561,0.045415982604027,0.004763396456838,0.074469678103924,0.465355396270752,0.455411612987518,0.005094069521874,0.068226248025894,0.415964186191559,0.510715484619141
COVID-19-Radiography-Database,COVID-19(171).png,5,0.596688687801361,0.341971158981323,0.057033602148295,0.00430656131357,0.364864647388458,0.488215178251267,0.131702035665512,0.015218200162053,0.023960234597325,0.162860587239265,0.526852667331696,0.286326497793198,0.053315222263336,0.283231168985367,0.471592217683792,0.191861346364021,0.11207577586174,0.356852769851685,0.39965209364891,0.131419360637665,0.119540989398956,0.394591629505158,0.422444760799408,0.063422687351704
COVID-19-Radiography-Database,COVID-19(173).png,5,0.452384769916534,0.446017563343048,0.092721909284592,0.008875793777406,0.431584060192108,0.440165728330612,0.114575669169426,0.013674566522241,0.020465673878789,0.143338710069656,0.513515591621399,0.322680085897446,0.073186486959457,0.330393344163895,0.452739059925079,0.143681108951569,0.139428302645683,0.382656812667847,0.388190239667892,0.089724719524384,0.066894888877869,0.346034795045853,0.495095193386078,0.091975152492523
COVID-19-Radiography-Database,COVID-19(180).png,6,0.138408809900284,0.498486459255219,0.27900505065918,0.08409970253706,0.277526438236237,0.568091690540314,0.140740752220154,0.013641183264554,0.005060554016382,0.056218329817057,0.413720518350601,0.525000631809235,0.034355938434601,0.28509047627449,0.574051916599274,0.106501668691635,0.000841991102789,0.022902745753527,0.322916626930237,0.653338611125946,0.000824432470836,0.021548645570874,0.21995185315609,0.757675111293793
COVID-19-Radiography-Database,COVID-19(188).png,6,0.108929716050625,0.520093560218811,0.291046053171158,0.079930603504181,0.231456637382507,0.592861115932465,0.159924238920212,0.015758013352752,3.32E-05,0.001012562424876,0.066021867096424,0.932932376861572,0.001396952662617,0.07332968711853,0.5766721367836,0.348601222038269,0.000121771321574,0.002442404162139,0.090457908809185,0.906977951526642,2.64E-07,0.000505461066496,0.057881787419319,0.941612482070923
covid-chestxray-dataset,1-s2.0-S0196070920301691-gr3_lrg.jpg,6,0.120968043804169,0.339355975389481,0.354664355516434,0.185011655092239,0.382537871599197,0.531772911548615,0.080352492630482,0.005336679052562,0.004187688697129,0.076986975967884,0.49503618478775,0.423789113759995,0.001188133144751,0.065884828567505,0.571511566638947,0.361415475606918,0.000489318743348,0.019247457385063,0.273906648159027,0.706356585025787,0.016468340530992,0.098693057894707,0.425524026155472,0.459314614534378
covid-chestxray-dataset,1-s2.0-S0378603X1500248X-gr2a.jpg,2,0.831982493400574,0.148273572325706,0.018449889495969,0.001294118002988,0.772901475429535,0.212924867868423,0.01373284496367,0.000440893811174,0.407517015933991,0.402153998613358,0.171506315469742,0.018822753801942,0.175580278038979,0.428822815418243,0.336546242237091,0.059050541371107,0.642647802829742,0.275533229112625,0.0796262845397,0.002192586660385,0.015599737875164,0.159498363733292,0.549923896789551,0.27497810125351
covid-chestxray-dataset,1-s2.0-S0378603X1500248X-gr2c.jpg,6,0.149504095315933,0.550847589969635,0.244249120354652,0.055399272590876,0.04475486651063,0.257664501667023,0.39360836148262,0.303972244262695,0.00483930343762,0.077383100986481,0.445031732320785,0.472745835781097,3.57E-05,0.008329205214977,0.309934616088867,0.681700468063355,0.107404269278049,0.321439832448959,0.436377197504044,0.134778708219528,2.75E-05,0.00373255671002,0.110265247523785,0.885974705219269
covid-chestxray-dataset,1-s2.0-S2214250920300706-gr2_lrg.jpg,4,0.630942761898041,0.32448822259903,0.041290961205959,0.003278084564954,0.603470861911774,0.354240834712982,0.040302231907845,0.001986161107197,0.001833101850934,0.033453814685345,0.35312408208847,0.611589014530182,0.327995389699936,0.464649170637131,0.192860439419746,0.014494980685413,0.002750889630988,0.043073564767838,0.346458464860916,0.607717096805573,0.020882565528154,0.168640151619911,0.546561598777771,0.263915628194809
covid-chestxray-dataset,1-s2.0-S2214250920300834-gr1_lrg-c.png,3,0.65353524684906,0.239574745297432,0.094025261700153,0.012864705175161,0.950814962387085,0.047813031822443,0.001350256381556,2.16E-05,0.219840794801712,0.483266353607178,0.267623096704483,0.029269691556692,0.293862909078598,0.487828940153122,0.197115004062653,0.021193100139499,0.108909651637077,0.364829391241074,0.444281756877899,0.081979222595692,0.394743800163269,0.387147963047028,0.203951358795166,0.014156905934215
covid-chestxray-dataset,1.CXRCTThoraximagesofCOVID-19fromSingapore.pdf-000-fig1a.png,3,0.960864901542664,0.036486510187388,0.00254539004527,0.00010316461703,0.894861102104187,0.101320087909698,0.003746214555576,7.25E-05,0.831605315208435,0.155322134494782,0.01276967395097,0.000302871747408,0.213619694113731,0.457397401332855,0.291476845741272,0.0375060364604,0.069664120674133,0.358399718999863,0.449112892150879,0.12282320857048,0.056001134216786,0.228489220142364,0.511613368988037,0.203896269202232
covid-chestxray-dataset,1.CXRCTThoraximagesofCOVID-19fromSingapore.pdf-002-fig3b.png,5,0.21807886660099,0.521708011627197,0.211964622139931,0.048248514533043,0.770893394947052,0.211138233542442,0.017276588827372,0.000691814580932,0.001887895632535,0.046624034643173,0.443604022264481,0.507884085178375,0.052760411053896,0.295349419116974,0.493869066238403,0.158021077513695,0.005777334794402,0.104006290435791,0.500180542469025,0.390035808086395,0.074494779109955,0.223947361111641,0.499847710132599,0.201710104942322
covid-chestxray-dataset,1.CXRCTThoraximagesofCOVID-19fromSingapore.pdf-003-fig4b.png,4,0.50524240732193,0.388628512620926,0.094445236027241,0.011683792807162,0.751464664936066,0.216410845518112,0.030147710815072,0.001976874889806,0.031337082386017,0.164051994681358,0.444756716489792,0.359854191541672,0.006053247489035,0.120682775974274,0.548483729362488,0.324780315160751,0.009966049343348,0.1221818998456,0.476972073316574,0.390879988670349,0.000608659698628,0.020743599161506,0.258543789386749,0.720103919506073
covid-chestxray-dataset,10.1016-slash-j.chest.2020.04.024.png,6,0.245173543691635,0.516078650951386,0.201548248529434,0.037199560552836,0.088790088891983,0.421680092811585,0.359282284975052,0.130247473716736,0.009980672039092,0.145868703722954,0.537203371524811,0.306947261095047,0.000224554445595,0.023677546530962,0.375222891569138,0.60087502002716,0.019003270193935,0.21390788257122,0.552103996276856,0.214984878897667,6.80E-07,0.000748916936573,0.069444827735424,0.929805517196655
covid-chestxray-dataset,10.1016-slash-j.crad.2020.04.002-a.png,5,0.889349460601806,0.101717039942741,0.008528651669621,0.000404891732614,0.252913683652878,0.601517915725708,0.13161227107048,0.013956184498966,0.275995254516602,0.43747952580452,0.248213440179825,0.038311772048473,6.68E-09,2.85E-05,0.020351681858301,0.979619801044464,0.094332411885262,0.474371016025543,0.400172173976898,0.031124372035265,1.37E-05,0.003600757801905,0.137053623795509,0.859331905841827
covid-chestxray-dataset,16654_1_1.png,2,0.811582684516907,0.161529406905174,0.024985514581204,0.001902390038595,0.724778115749359,0.246299132704735,0.0274653211236,0.001457391888835,0.432447582483292,0.410980433225632,0.145267590880394,0.011304387822747,0.72857004404068,0.236157447099686,0.033451706171036,0.001820815377869,0.080003656446934,0.505660355091095,0.375606268644333,0.038729708641768,0.092962369322777,0.300458014011383,0.477748870849609,0.128830745816231
covid-chestxray-dataset,16673_2_1.jpg,5,0.064002528786659,0.225548133254051,0.390313982963562,0.320135295391083,0.586203932762146,0.373148858547211,0.038910623639822,0.001736553269438,0.000650386267807,0.013754555955529,0.233785077929497,0.75180995464325,0.136918887495995,0.412057667970657,0.37956440448761,0.071459136903286,0.000989652471617,0.021788379177451,0.319037616252899,0.658184349536896,0.034502480179072,0.269182920455933,0.558128714561462,0.138185873627663
covid-chestxray-dataset,2C10A413-AABE-4807-8CCE-6A2025594067.jpeg,6,0.160273551940918,0.690412282943726,0.137755006551743,0.011559186503291,0.354710608720779,0.542304813861847,0.095901787281036,0.007082791998982,0.034329596906901,0.248643711209297,0.534219861030579,0.18280678987503,0.064798593521118,0.351557284593582,0.466797202825546,0.116846971213818,0.215137124061584,0.388344079256058,0.363248735666275,0.033270075917244,0.065211251378059,0.260272771120071,0.511418104171753,0.163097843527794
covid-chestxray-dataset,3248cc61.jpg,6,0.170386463403702,0.536369442939758,0.240390717983246,0.052853368222714,0.086124934256077,0.513144731521606,0.329438716173172,0.071291692554951,0.019778167828918,0.195646643638611,0.544658243656158,0.239916905760765,0.18295294046402,0.362420529127121,0.366572976112366,0.088053591549397,0.007366118952632,0.113127797842026,0.411996871232986,0.467509120702744,0.254581362009048,0.235535860061645,0.27011051774025,0.239772215485573
covid-chestxray-dataset,39EE8E69-5801-48DE-B6E3-BE7D1BCF3092.jpeg,5,0.397751569747925,0.467885106801987,0.119335398077965,0.015027894638479,0.570708274841309,0.370047748088837,0.055356908589602,0.003887025406584,0.03226087987423,0.197537750005722,0.513297975063324,0.256903439760208,0.087293602526188,0.405669718980789,0.439520716667175,0.067515946924687,0.022415144369006,0.355014443397522,0.52368575334549,0.098884649574757,0.056294694542885,0.217114239931107,0.510529696941376,0.21606133878231
covid-chestxray-dataset,88de9d8c39e946abd495b37cd07d89e5-2ee6-0.jpg,5,0.42234605550766,0.447342336177826,0.116060324013233,0.014251297339797,0.839043617248535,0.154746934771538,0.006085937377065,0.000123562975205,0.031142063438892,0.263537704944611,0.535933375358582,0.169386848807335,0.039567414671183,0.323094427585602,0.531973600387573,0.10536453127861,0.014007679186761,0.245712578296661,0.580355584621429,0.159924104809761,0.001633719657548,0.037424720823765,0.314840346574783,0.646101236343384
covid-chestxray-dataset,9fdd3c3032296fd04d2cad5d9070d4_jumbo.jpeg,4,0.908102452754974,0.085355959832668,0.00624107895419,0.000300563784549,0.865386009216309,0.129464760422707,0.005055194254965,9.41E-05,0.344600766897202,0.43039134144783,0.202495589852333,0.02251229993999,0.396876126527786,0.443087697029114,0.143691286444664,0.016344886273146,0.100045628845692,0.404137134552002,0.419170141220093,0.076647095382214,0.282771378755569,0.357209295034409,0.323721379041672,0.036298006772995
covid-chestxray-dataset,a2eba651.jpg,2,0.758593678474426,0.211021542549133,0.028345126658678,0.002039670012891,0.733103275299072,0.224145576357841,0.039096917957068,0.003654317464679,0.075522102415562,0.324209481477737,0.467022150754929,0.133246272802353,0.757471740245819,0.213065162301064,0.027933374047279,0.001529769273475,0.154921591281891,0.428415209054947,0.364718586206436,0.051944587379694,0.52520763874054,0.33631756901741,0.12993423640728,0.008540596812963
covid-chestxray-dataset,article_river_de7471906e0011eabe5f9363acaf45c4-covid-cxr-2.png,6,0.029528276994825,0.16062980890274,0.337518513202667,0.472323387861252,0.06343150883913,0.297480970621109,0.373950928449631,0.265136539936066,0.000656610762235,0.011408634483814,0.218854397535324,0.769080340862274,0.000389535649447,0.016690077260137,0.263757079839706,0.719163239002228,0.003350770333782,0.052119929343462,0.394152283668518,0.550377011299133,0.071099810302258,0.156697452068329,0.381535440683365,0.39066731929779
covid-chestxray-dataset,article_river_e4d185c06e3511eaa2321d8ab357a1de-c1mn.png,4,0.702386915683746,0.266659438610077,0.029422191902995,0.001531517482363,0.897674143314362,0.098587930202484,0.003672001883388,6.59E-05,0.223273977637291,0.458118408918381,0.283238142728806,0.035369478166103,0.059062641113997,0.359102308750153,0.469121485948563,0.112713508307934,0.093703493475914,0.365919560194015,0.45354688167572,0.08683005720377,0.061027947813273,0.229576915502548,0.493620246648788,0.215774863958359
covid-chestxray-dataset,c0f74558.jpg,4,0.112492449581623,0.488203883171082,0.31743112206459,0.081872455775738,0.444800943136215,0.392299681901932,0.142202451825142,0.020696913823485,0.009618073701859,0.138707190752029,0.558615624904633,0.293059110641479,0.072049342095852,0.313717424869537,0.445036381483078,0.16919681429863,0.062545143067837,0.290605664253235,0.456392139196396,0.190457105636597,0.400252044200897,0.369791924953461,0.202484935522079,0.02747106179595
covid-chestxray-dataset,covid-19-pneumonia-101.png,6,0.105088479816914,0.588890612125397,0.24434095621109,0.061679929494858,0.151205584406853,0.624182224273682,0.203655272722244,0.020956981927157,0.00610352633521,0.094272486865521,0.493465483188629,0.406158536672592,0.054269973188639,0.317753821611404,0.506089448928833,0.121886767446995,0.011256876401603,0.181532397866249,0.565986812114716,0.241223976016045,0.008461295627058,0.102091766893864,0.461317181587219,0.428129732608795
covid-chestxray-dataset,covid-19-pneumonia-12.jpg,6,0.168162509799004,0.4321029484272,0.289049059152603,0.11068557202816,0.169274166226387,0.353125631809235,0.325263798236847,0.152336433529854,0.002152235247195,0.05662639439106,0.488043338060379,0.453177988529205,0.00057929486502,0.03118409588933,0.4006707072258,0.56756591796875,0.00028869509697,0.019691400229931,0.322787344455719,0.657232522964478,0.004406132735312,0.069139413535595,0.403196215629578,0.523258209228516
covid-chestxray-dataset,covid-19-pneumonia-23-day3.jpg,6,0.359855115413666,0.486332982778549,0.130951657891274,0.022860333323479,0.346174091100693,0.543944239616394,0.101298734545708,0.008582935668528,0.000215580308577,0.006050962023437,0.15703821182251,0.836695253849029,0.015138607472181,0.219062626361847,0.610900700092316,0.154898077249527,3.91E-06,0.000459717295598,0.061895072460175,0.937641322612762,0.000413092202507,0.015883138403297,0.207776218652725,0.775927543640137
covid-chestxray-dataset,d009d61f.jpg,6,0.358420670032501,0.478790909051895,0.141288176178932,0.021500207483769,0.424341648817062,0.466144412755966,0.100326552987099,0.009187437593937,0.160565137863159,0.449128717184067,0.334912240505218,0.05539383739233,0.305774629116058,0.453637927770615,0.21641717851162,0.024170335382223,0.1000115275383,0.448070198297501,0.401536613702774,0.050381548702717,0.017309490591288,0.17012345790863,0.52491158246994,0.287655472755432
covid-chestxray-dataset,E1724330-1866-4581-8CD8-CEC9B8AFEDDE.jpeg,3,0.891815841197968,0.09602914750576,0.011497215367854,0.000657843658701,0.467891305685043,0.442555040121079,0.082755289971829,0.006798367016017,0.652196884155273,0.279314428567886,0.064815908670426,0.003672794206068,0.110928982496262,0.365396320819855,0.444156974554062,0.079517722129822,0.3154556453228,0.42842435836792,0.24131053686142,0.014809508807957,0.115289606153965,0.295583128929138,0.43685120344162,0.152276054024696
covid-chestxray-dataset,e73d6e89fcd781b8afd159cf533358_jumbo-1.jpeg,5,0.366707980632782,0.472963094711304,0.140809610486031,0.019519275054336,0.620758533477783,0.339695423841476,0.037517715245485,0.002028306247666,0.024726407602429,0.253616064786911,0.564879834651947,0.156777650117874,3.91E-06,0.002842866815627,0.183921337127686,0.813231885433197,5.54E-06,0.000524481525645,0.079016081988812,0.920453906059265,3.09E-06,0.001076281187125,0.060245651751757,0.938674986362457
covid-chestxray-dataset,f46a9bfc7222e61e099a25ab9267da_jumbo.jpeg,5,0.451805859804153,0.349774330854416,0.155562981963158,0.042856812477112,0.289950370788574,0.520013451576233,0.165447875857353,0.024588376283646,0.068383522331715,0.366483896970749,0.465265095233917,0.099867403507233,0.004041674081236,0.099435448646545,0.561273515224457,0.335249334573746,0.001774888718501,0.035420089960098,0.33907076716423,0.62373423576355,0.010625351220369,0.099006079137325,0.42258682847023,0.467781722545624
covid-chestxray-dataset,f64132c8.jpg,5,0.613271713256836,0.350427627563477,0.034184817224741,0.00211590831168,0.263854652643204,0.344064474105835,0.283111810684204,0.108969055116177,0.05334310233593,0.394025027751923,0.474681198596954,0.077950641512871,0.127803206443787,0.311454385519028,0.425291955471039,0.135450407862663,0.209133222699165,0.421334952116013,0.325855582952499,0.04367620497942,0.195034846663475,0.265355050563812,0.387607276439667,0.152002885937691
covid-chestxray-dataset,f8335316.jpg,5,0.610244810581207,0.340825140476227,0.046660646796227,0.002269403543323,0.363521546125412,0.512386322021484,0.113738380372524,0.010353759862483,0.02569654583931,0.179307490587235,0.512515962123871,0.282479971647263,0.134553611278534,0.384605050086975,0.385429888963699,0.095411404967308,0.031280275434256,0.165903553366661,0.45453953742981,0.348276644945145,0.011918838135898,0.071790218353272,0.273536622524261,0.642754256725311
covid-chestxray-dataset,jkms-35-e79-g001-l-c.jpg,4,0.254436939954758,0.555537164211273,0.166252478957176,0.023773424327374,0.897542417049408,0.097212493419647,0.005096305627376,0.000148796534631,0.110475577414036,0.39579838514328,0.405386567115784,0.088339522480965,0.064535886049271,0.328398942947388,0.443543702363968,0.163521468639374,0.441001564264298,0.381567806005478,0.169000074267387,0.00843062158674,0.370927393436432,0.38785707950592,0.220370307564735,0.020845215767622
covid-chestxray-dataset,kjr-21-e24-g001-l-a.jpg,5,0.206191435456276,0.571977615356445,0.195356786251068,0.02647422067821,0.45196920633316,0.432258456945419,0.103969819843769,0.011802518740296,0.003999921027571,0.082405917346478,0.507489383220673,0.40610471367836,0.006149267777801,0.118761517107487,0.517332136631012,0.357757091522217,0.004373222589493,0.058328948915005,0.373147636651993,0.564150214195251,0.026795316487551,0.172582402825356,0.511415660381317,0.289206594228745
covid-chestxray-dataset,radiol.2020201160.fig3a.jpeg,4,0.70722359418869,0.236861258745193,0.050000637769699,0.005914497654885,0.600389420986176,0.302935600280762,0.084215395152569,0.012459574267268,0.060773957520723,0.336259037256241,0.454482793807983,0.148484215140343,0.033165521919727,0.264700502157211,0.578582763671875,0.12355125695467,0.01224562432617,0.066204980015755,0.325260728597641,0.596288681030273,0.001442224835046,0.032445177435875,0.303000390529633,0.663112223148346
covid-chestxray-dataset,radiol.2020201160.fig3c.jpeg,3,0.962554097175598,0.035483624786139,0.001896732137539,6.56E-05,0.95933985710144,0.039021413773298,0.001602355623618,3.63E-05,0.40277960896492,0.399144142866135,0.177206113934517,0.020870110020042,0.408053249120712,0.413670003414154,0.160466879606247,0.017809923738241,0.199899643659592,0.366407722234726,0.381390571594238,0.052302017807961,0.053771834820509,0.253426253795624,0.52063924074173,0.172162637114525
covid-chestxray-dataset,SARS-10.1148rg.242035193-g04mr34g0-Fig8b-day5.jpeg,4,0.080291286110878,0.420886695384979,0.349417239427567,0.149404749274254,0.557084321975708,0.370267480611801,0.067254170775414,0.005394026637077,0.000478989910334,0.01143931504339,0.224230900406837,0.763850808143616,0.43321293592453,0.421933621168137,0.132167801260948,0.01268570497632,9.00E-05,0.004871557466686,0.174795761704445,0.820242583751678,0.046267170459032,0.272187978029251,0.55330240726471,0.128242447972298
covid-chestxray-dataset,SARS-10.1148rg.242035193-g04mr34g05x-Fig5-day9.jpeg,3,0.955036520957947,0.040911439806223,0.00384420575574,0.000207762685022,0.887320220470428,0.107205577194691,0.005344251170754,0.000130027081468,0.752649962902069,0.226338341832161,0.020414553582668,0.000597198028117,0.30512672662735,0.437932431697846,0.230718269944191,0.026222586631775,0.027405580505729,0.248308777809143,0.532947719097137,0.191337943077087,0.003809432499111,0.078060261905193,0.469358712434769,0.448771566152573
covid-chestxray-dataset,SARS-10.1148rg.242035193-g04mr34g09a-Fig9a-day17.jpeg,5,0.283856749534607,0.460602462291718,0.208630338311195,0.046910483390093,0.714313864707947,0.265872627496719,0.019152605906129,0.000660913006868,0.007631583604962,0.077689938247204,0.435725450515747,0.478952944278717,0.037416696548462,0.269590497016907,0.517095506191254,0.175897225737572,0.007166979834437,0.086743019521237,0.457311928272247,0.448778033256531,0.192631840705872,0.286255955696106,0.41172456741333,0.109387703239918
Figure1-COVID-chestxray-dataset,COVID-00011.jpg,4,0.361558943986893,0.48510667681694,0.138377085328102,0.014957321807742,0.963586568832397,0.035577706992626,0.000825792434625,9.89E-06,0.019251499325037,0.148880079388619,0.51258248090744,0.319285929203033,0.652596354484558,0.294898241758347,0.049183946102858,0.003321368480101,0.019595911726356,0.154990404844284,0.459139853715897,0.36627385020256,0.187712773680687,0.374065488576889,0.3816277384758,0.056594025343657
Figure1-COVID-chestxray-dataset,COVID-00016.jpg,3,0.426800310611725,0.425773918628693,0.130229815840721,0.017196087166667,0.7757528424263,0.192172959446907,0.029894290491939,0.002179950475693,0.010103086009622,0.133124232292175,0.54175329208374,0.315019339323044,0.41949400305748,0.401330024003983,0.160787135362625,0.018388805910945,0.01724074780941,0.168373331427574,0.509840726852417,0.304545223712921,0.121133632957935,0.374735206365585,0.411586761474609,0.092544473707676
Figure1-COVID-chestxray-dataset,COVID-00024.jpg,6,0.107298508286476,0.448997616767883,0.30128225684166,0.142421543598175,0.084231868386269,0.418497651815414,0.361428469419479,0.135842069983482,0.018898388370872,0.118276089429855,0.452681005001068,0.410144507884979,0.021419713273645,0.179234549403191,0.530676007270813,0.268669694662094,0.163283661007881,0.454175710678101,0.33204585313797,0.050494872033596,0.093379616737366,0.25276044011116,0.447576940059662,0.206283047795296
rsna_normal,06a2ae98-575c-40c3-a32b-d0c80fee06c5.png,1,0.966116726398468,0.032673180103302,0.001186072011478,2.40E-05,0.943728804588318,0.054442018270493,0.001798424171284,3.07E-05,0.855498194694519,0.133729323744774,0.010485731996596,0.000286793947453,0.768747270107269,0.209230527281761,0.021087160333991,0.000935011776164,0.389606416225433,0.341689229011536,0.241696983575821,0.027007386088371,0.07589939981699,0.298605173826218,0.494756013154983,0.130739361047745
rsna_normal,0716f059-34cb-4046-ae86-46b47756fc2b.png,1,0.93458479642868,0.062551118433476,0.00279721361585,6.68E-05,0.944068968296051,0.053628720343113,0.002251623896882,5.07E-05,0.602239668369293,0.325172930955887,0.069065257906914,0.003522208658978,0.75781923532486,0.215149328112602,0.025663001462817,0.001368490979075,0.506992876529694,0.351965129375458,0.135652914643288,0.005389057099819,0.327011585235596,0.393838286399841,0.254355877637863,0.024794302880764
rsna_normal,07755c77-1391-49f1-8fdb-832082887aec.png,1,0.961253881454468,0.036272410303354,0.002385020023212,8.87E-05,0.992321312427521,0.00763724418357,4.13E-05,1.23E-07,0.569619596004486,0.35060715675354,0.075558394193649,0.004214772954583,0.879625380039215,0.11349380761385,0.006650200579315,0.000230555582675,0.122500978410244,0.299646109342575,0.479619532823563,0.098233342170715,0.459953397512436,0.34748238325119,0.176993906497955,0.015570227056742
rsna_normal,07aeb82e-773b-4498-95c0-fabdf4985bb2.png,3,0.945441782474518,0.051063667982817,0.003343775402755,0.000150810359628,0.903598070144653,0.091398671269417,0.004863196983933,0.000139999785461,0.683169066905975,0.269719511270523,0.045014075934887,0.002097337506711,0.261320322751999,0.469082772731781,0.239014208316803,0.030582705512643,0.239742383360863,0.485016405582428,0.261580467224121,0.013660754077137,0.10283038020134,0.290602684020996,0.466890871524811,0.139676034450531
rsna_normal,0964504e-56bf-42b2-bca7-0147fb2c1358.png,6,0.333656221628189,0.497251629829407,0.146780893206596,0.022311311215162,0.182606369256973,0.514664113521576,0.237762063741684,0.064967438578606,0.066471442580223,0.406280040740967,0.452289700508118,0.07495877891779,0.043349124491215,0.233456566929817,0.506759881973267,0.216434493660927,0.003358532907441,0.05852260068059,0.360129207372665,0.57798969745636,0.076408423483372,0.247330784797668,0.478926032781601,0.197334721684456
rsna_normal,09794a15-ea37-41f8-8a0e-a56a9a93eaa6.png,1,0.950249075889587,0.04537770524621,0.004124885890633,0.000248297641519,0.988654494285584,0.011235373094678,0.000109373548185,6.70E-07,0.737976729869843,0.231160685420036,0.029794178903103,0.001068316865712,0.90256279706955,0.092809967696667,0.004503744188696,0.000123565027025,0.353518337011337,0.409120321273804,0.224642500281334,0.012718871235848,0.496510654687882,0.365236043930054,0.130850255489349,0.007403004448861
rsna_normal,12e124f0-b4dc-4097-96b5-b430c38c14e4.png,1,0.935463309288025,0.060071043670178,0.004263635724783,0.000202050214284,0.99831235408783,0.001686027855612,1.64E-06,9.60E-10,0.564295828342438,0.36012589931488,0.072206921875477,0.003371336730197,0.818609237670898,0.165934547781944,0.014789320528507,0.000666906125844,0.355188101530075,0.466919988393784,0.172411233186722,0.005480654537678,0.4251589179039,0.380038529634476,0.182724744081497,0.012077818624675
rsna_normal,15b84543-6888-481e-bdb1-f177de3d1f14.png,2,0.948657810688019,0.047341793775559,0.003808157052845,0.000192198393052,0.916342377662659,0.077564455568791,0.005886207334697,0.000206856697332,0.722789287567139,0.239545255899429,0.035903204232454,0.001762319123372,0.782808005809784,0.196934193372726,0.019499154761434,0.000758660491556,0.357613116502762,0.425224155187607,0.200084656476974,0.017077958211303,0.090761132538319,0.344208836555481,0.484736412763596,0.080293610692024
rsna_normal,15c262ab-4ec6-4b19-8172-3aaf662e05c3.png,1,0.933085143566132,0.062221545726061,0.004512479063123,0.000180895149242,0.729117155075073,0.252814322710037,0.017508367076516,0.000560108514037,0.632623195648193,0.30314439535141,0.060942605137825,0.003289918415248,0.785032749176025,0.195574894547462,0.018542902544141,0.000849411822855,0.328119099140167,0.405737966299057,0.243152871727943,0.022990187630057,0.452148407697678,0.33932888507843,0.185442760586739,0.023080017417669
rsna_normal,1847b55c-2fed-494c-8d76-7f76630ba39f.png,4,0.203178584575653,0.434463530778885,0.277260571718216,0.085097275674343,0.616144776344299,0.3447445333004,0.037362568080425,0.001748115755618,0.420774906873703,0.452402740716934,0.12068622559309,0.006136117037386,0.583552896976471,0.342041164636612,0.069717258214951,0.004688683431596,0.004059045575559,0.066704072058201,0.354767471551895,0.574469387531281,0.183871850371361,0.305501669645309,0.416899144649506,0.093727342784405
rsna_normal,31df0417-e221-44e1-8629-34a3f0b01d35.png,1,0.954688489437103,0.042033743113279,0.003141186665744,0.000136515387567,0.961625337600708,0.037394721060991,0.000966046995018,1.39E-05,0.754117906093597,0.211111098527908,0.0331279784441,0.001642974908464,0.561515808105469,0.366681188344955,0.067739017307758,0.004063998814672,0.530942738056183,0.317056834697723,0.146412998437882,0.00558747490868,0.237815290689468,0.391364127397537,0.322894752025604,0.047925878316164
rsna_normal,32f38c16-cd6b-42f0-8a20-68115d2ce57f.png,2,0.949801206588745,0.047052007168532,0.003033766988665,0.000112987072498,0.761003017425537,0.207497298717499,0.029345883056522,0.002153856679797,0.746233701705933,0.221442639827728,0.030754344537854,0.001569333602674,0.834876120090485,0.151512429118156,0.013080610893667,0.000530843273737,0.186222404241562,0.283442914485931,0.465928673744202,0.064405955374241,0.338398277759552,0.385552704334259,0.251372367143631,0.02467666938901
rsna_normal,33596fbb-e758-4e0b-83ec-3b8b7faeae6c.png,0,0.969200551509857,0.029470253735781,0.001296350499615,3.30E-05,0.962495923042297,0.036814905703068,0.000681305769831,7.88E-06,0.583561360836029,0.342203229665756,0.070807546377182,0.003427963703871,0.564585745334625,0.353728413581848,0.075469389557839,0.00621654605493,0.399373084306717,0.39654541015625,0.192085430026054,0.01199612673372,0.528855204582214,0.337220907211304,0.125237047672272,0.008686820045114
rsna_normal,338b6023-f922-4ac8-b54b-8e8637fb0fe8.png,2,0.911818385124206,0.080152176320553,0.00765746133402,0.000371976260794,0.890543520450592,0.10407929867506,0.005233338102698,0.000143979050335,0.878053307533264,0.114361047744751,0.00743794394657,0.000147683007526,0.679945290088654,0.275790125131607,0.041843056678772,0.00242157955654,0.144794955849648,0.449733525514603,0.368485569953918,0.036985866725445,0.286724895238876,0.334256947040558,0.321089744567871,0.057928435504437
rsna_normal,33dbca25-e1c9-4bcf-a8a7-4fa716e8a53a.png,4,0.505657196044922,0.416908353567123,0.071024306118488,0.006410065107048,0.613649785518646,0.349753677845001,0.034972745925188,0.001623798743822,0.204147458076477,0.448518574237824,0.306556522846222,0.040777523070574,0.285615414381027,0.44607812166214,0.237999752163887,0.030306635424495,0.062834456562996,0.275991350412369,0.471794009208679,0.189380154013634,0.134699940681458,0.286874651908875,0.414435088634491,0.163990318775177
rsna_normal,33ef7198-c976-4bb9-82ba-9ed9a73350ac.png,1,0.956490159034729,0.040819030255079,0.002592451637611,9.84E-05,0.95182079076767,0.0471978969872,0.000970946799498,1.03E-05,0.662735283374786,0.271792024374008,0.061247460544109,0.004225291777402,0.721902430057526,0.241498231887817,0.034464087337256,0.002135184127837,0.46281510591507,0.375777333974838,0.152147933840752,0.009259674698114,0.210384577512741,0.407887399196625,0.328445136547089,0.05328294634819
rsna_normal,3537a092-af77-448a-9cfb-f28903403012.png,0,0.940843403339386,0.055842757225037,0.00319657381624,0.000117257113743,0.910519480705261,0.084861665964127,0.004496287088841,0.00012254959438,0.806539714336395,0.177830651402473,0.015218935906887,0.000410768552683,0.421593815088272,0.416246861219406,0.144459590315819,0.017699694260955,0.422804862260819,0.353337526321411,0.212776929140091,0.011080704629421,0.588240444660187,0.323752731084824,0.083688281476498,0.004318554420024
rsna_normal,36a7f067-ace1-4aa2-baba-c1b401354156.png,1,0.841838777065277,0.139629557728767,0.017512027174234,0.001019641058519,0.90240877866745,0.085900627076626,0.01098923292011,0.000701294513419,0.498317152261734,0.393456995487213,0.102312028408051,0.005913735367358,0.760016679763794,0.214171797037125,0.024687638506293,0.001123895053752,0.484816253185272,0.407974630594254,0.105692841112614,0.001516303163953,0.114583216607571,0.285060346126556,0.448322653770447,0.152033850550652
rsna_normal,379ead0e-f5dc-435b-aea0-3cc8e808de11.png,2,0.918984591960907,0.075475215911865,0.00532530574128,0.000214886793401,0.968780338764191,0.030755391344428,0.000460275245132,4.01E-06,0.272038161754608,0.413828611373901,0.273214668035507,0.040918566286564,0.454827427864075,0.404607027769089,0.126511409878731,0.014054174534977,0.525836288928986,0.330400943756104,0.13661415874958,0.007148587144911,0.132129564881325,0.319556951522827,0.425967454910278,0.122345991432667
rsna_normal,39c9fa1b-d758-4985-86cc-ad6e8f5f2171.png,0,0.939792573451996,0.055856134742498,0.004175650887191,0.000175654728082,0.980703592300415,0.01883464306593,0.000455028988654,6.76E-06,0.732423484325409,0.242302969098091,0.024665785953403,0.000607689551543,0.815927505493164,0.169171243906021,0.014323154464364,0.000578007020522,0.514767169952393,0.364762604236603,0.117362029850483,0.003108192002401,0.475681662559509,0.37456214427948,0.14318622648716,0.006569942925125
rsna_normal,3a54fc42-0d7a-460e-8f19-2e353a01795a.png,2,0.984754085540772,0.014649749733508,0.000580465712119,1.56E-05,0.980606853961945,0.018773153424263,0.00060837372439,1.16E-05,0.820257365703583,0.166613414883614,0.012851084582508,0.000278209132375,0.556857764720917,0.349605828523636,0.087051145732403,0.006485365796834,0.244482710957527,0.376038432121277,0.32483047246933,0.054648369550705,0.203196540474892,0.320158362388611,0.377782613039017,0.098862402141094
rsna_normal,3b31cd2d-db9f-4671-8adc-c41203f013ae.png,4,0.824290633201599,0.150902986526489,0.023076698184013,0.001729579176754,0.764972746372223,0.193034514784813,0.038330476731062,0.003662165952846,0.211045384407043,0.469413608312607,0.284361153841019,0.035179864615202,0.250682383775711,0.477691531181335,0.242732420563698,0.028893711045385,0.043556582182646,0.329790323972702,0.495378524065018,0.13127464056015,0.045730907469988,0.22859825193882,0.517743766307831,0.207927033305168
rsna_normal,3bbe6098-7c9b-4f17-ac6b-e0c68b0e0af2.png,2,0.725104153156281,0.216387555003166,0.051100555807352,0.007407747674733,0.922636389732361,0.075261346995831,0.002076217904687,2.61E-05,0.473338961601257,0.401044934988022,0.117563337087631,0.008052771911025,0.693174183368683,0.264798432588577,0.039958730340004,0.002068651374429,0.015916647389531,0.17487470805645,0.547285914421082,0.261922687292099,0.22865928709507,0.346917062997818,0.360799819231033,0.06362384557724
rsna_normal,3c1e9e21-6e14-4ef7-a4ba-be8588e527ff.png,1,0.681381225585938,0.2670539021492,0.048561464995146,0.003003444289789,0.973898768424988,0.025577522814274,0.000517972919624,5.71E-06,0.656171083450317,0.282932996749878,0.057431604713202,0.003464307170361,0.475945889949799,0.405309468507767,0.109365522861481,0.009379133582115,0.618326425552368,0.288120329380035,0.090915970504284,0.002637213794515,0.263527482748032,0.411751329898834,0.289289355278015,0.035431835800409
rsna_normal,3c3f7a08-29c4-4773-8ae1-e32418e018c9.png,1,0.953753590583801,0.043542597442865,0.00260059768334,0.000103217142168,0.98296445608139,0.016874363645911,0.00016030354891,7.92E-07,0.874143064022064,0.11968070268631,0.006075076758862,0.000101138502941,0.681924521923065,0.277844190597534,0.037964761257172,0.002266474999487,0.452053338289261,0.382351905107498,0.158480495214462,0.007114344276488,0.380371868610382,0.384079307317734,0.218303620815277,0.017245221883059
rsna_normal,3c6afc4b-f292-4064-ae8b-06d3439d1d27.png,6,0.098689571022987,0.440837472677231,0.337405413389206,0.123067565262318,0.249184146523476,0.51960700750351,0.199303284287453,0.031905490905047,0.0151102906093,0.260769218206406,0.584823906421661,0.139296546578407,0.069392718374729,0.300056964159012,0.473822057247162,0.156728282570839,0.042453769594431,0.197349324822426,0.523245632648468,0.236951246857643,0.016043774783611,0.111456766724586,0.439138740301132,0.433360755443573
rsna_normal,403f65d5-6590-4cee-8b94-134683648f09.png,2,0.959035396575928,0.038528490811586,0.002357850084081,7.82E-05,0.983217120170593,0.016275515779853,0.000498198671266,9.14E-06,0.17595186829567,0.43185305595398,0.331830710172653,0.060364309698343,0.786859631538391,0.196518301963806,0.016097322106361,0.000524827977642,0.159752652049065,0.438356339931488,0.358501076698303,0.043389964848757,0.37470155954361,0.349491506814957,0.234219565987587,0.041587304323912
rsna_normal,40f55d75-0e89-4392-a32c-84ff66530a4a.png,4,0.830396056175232,0.147363916039467,0.020987180992961,0.001252831891179,0.824944496154785,0.153275668621063,0.020366298034787,0.001413529389538,0.328050136566162,0.473699182271957,0.183960929512978,0.014289736747742,0.379423707723618,0.431221604347229,0.170022323727608,0.019332410767675,0.063507303595543,0.357118636369705,0.45139667391777,0.127977401018143,0.258442491292953,0.332073271274567,0.328334480524063,0.08114966750145
rsna_normal,449c2ba1-7948-4039-8b60-2511194b7426.png,2,0.871965050697327,0.116704680025578,0.010768244042993,0.000562055094633,0.927711427211762,0.070123866200447,0.002131974557415,3.27E-05,0.620029211044312,0.31817016005516,0.058997567743063,0.002803031820804,0.481137365102768,0.401222795248032,0.107689149677753,0.009950691834092,0.12445580214262,0.47014045715332,0.358450353145599,0.046953354030848,0.204113394021988,0.389975696802139,0.348814010620117,0.057096850126982
rsna_normal,44f25bee-b705-4e42-a599-abb8a9ec9221.png,1,0.950506091117859,0.046384140849114,0.002983242738992,0.000126555925817,0.931649744510651,0.066654965281487,0.001670981990173,2.43E-05,0.737821221351624,0.228777945041656,0.032165341079235,0.001235526055098,0.691768765449524,0.266693353652954,0.03916147723794,0.002376432763413,0.524328708648682,0.330501288175583,0.136933386325836,0.00823663175106,0.223777413368225,0.355293214321136,0.362515568733215,0.05841375887394
rsna_normal,4572eb1c-0810-48c5-aa40-3c3b7b15bc4f.png,3,0.640560626983643,0.300927460193634,0.052761148661375,0.005750809330493,0.914174199104309,0.081806063652039,0.003918091766536,0.000101692130556,0.267841994762421,0.479165256023407,0.224963083863258,0.028029672801495,0.657011806964874,0.282118529081345,0.056701231747866,0.004168453626335,0.056102566421032,0.489551663398743,0.415433198213577,0.038912493735552,0.186966240406036,0.332491397857666,0.388766437768936,0.091775864362717
rsna_normal,46af7496-327e-4f5d-ada2-b052ada8fb36.png,1,0.931078970432282,0.064557828009129,0.004177299328148,0.000185929806321,0.952020525932312,0.046767394989729,0.001197258010507,1.49E-05,0.562876760959625,0.355894833803177,0.076926380395889,0.004301975946873,0.501803636550903,0.393811136484146,0.095301829278469,0.009083487093449,0.448699802160263,0.407320410013199,0.138631999492645,0.005347692407668,0.096194475889206,0.253286480903625,0.490994572639465,0.159524440765381
rsna_normal,4769fa12-e694-48ce-ad4e-0628e5dd75f0.png,2,0.931712031364441,0.06247666105628,0.005490014795214,0.000321306841215,0.945095062255859,0.053217317909002,0.001659466186538,2.81E-05,0.597332894802094,0.331375271081924,0.06776586920023,0.003526005428284,0.488972574472427,0.400957465171814,0.101526997983456,0.008542997762561,0.213240668177605,0.454781860113144,0.29984438419342,0.032132964581251,0.17788890004158,0.346145510673523,0.389733880758285,0.086231723427773
rsna_normal,490bfbde-9177-4544-bc0b-f5b33d3f6bb5.png,0,0.950004994869232,0.046678829938173,0.00318665499799,0.000129610387376,0.96288412809372,0.035676721483469,0.001407882431522,3.13E-05,0.748270511627197,0.209621801972389,0.039271663874388,0.002836058381945,0.804725706577301,0.177707776427269,0.016841229051352,0.000725344521925,0.461851298809052,0.378948956727982,0.152280986309051,0.006918839178979,0.49738734960556,0.373061567544937,0.124213874340057,0.005337166599929
rsna_normal,4b004c64-d809-4309-9840-bdf38aaed74a.png,1,0.874128997325897,0.104675948619843,0.019169189035893,0.00202582241036,0.878833115100861,0.111052431166172,0.009652392007411,0.000462011405034,0.311743944883347,0.44372946023941,0.219561144709587,0.024965388700366,0.50105607509613,0.381512701511383,0.107057355344296,0.010373813100159,0.507842302322388,0.276702135801315,0.202970653772354,0.012484826147556,0.501745164394379,0.319948524236679,0.157541885972023,0.0207643751055
rsna_normal,4b2202b8-450a-4ad4-bc23-cae89f7fcbd1.png,2,0.943256676197052,0.052366476505995,0.004163234494627,0.000213586637983,0.697180509567261,0.237784907221794,0.057935778051615,0.007098854053766,0.666466236114502,0.287590682506561,0.043747685849667,0.002195444889367,0.315026104450226,0.478392094373703,0.190144002437592,0.016437826678157,0.508524894714356,0.316124379634857,0.157673269510269,0.017677484080196,0.030720314010978,0.185006499290466,0.535325944423676,0.248947247862816
